<?xml version="1.0" encoding="UTF-8"?>
<!-- generated: 2008-09-24T14:28:09-07:00 -->
<!-- generated by: shishir [??] -->
<adag xmlns="http://pegasus.isi.edu/schema/DAX" xmlns:xsi="http://www.w3.org/2001/XMLSchema-instance" xsi:schemaLocation="http://pegasus.isi.edu/schema/DAX http://pegasus.isi.edu/schema/dax-2.1.xsd" version="2.1" count="1" index="0" name="test" jobCount="25" fileCount="0" childCount="20">
<!-- part 1: list of all referenced files (may be empty) -->
<!-- part 2: definition of all jobs (at least one) -->
  <job id="ID00000" namespace="Montage" name="mProjectPP" version="1.0" runtime="15.60">
    <uses file="region.hdr" link="input" register="true" transfer="true" optional="false" type="data" size="304"/>
    <uses file="2mass-atlas-ID00000s-jID00000.fits" link="input" register="true" transfer="true" optional="false" type="data" size="4222080"/>
    <uses file="p2mass-atlas-ID00000s-jID00000.fits" link="output" register="true" transfer="true" optional="false" type="data" size="4167312"/>
    <uses file="p2mass-atlas-ID00000s-jID00000_area.fits" link="output" register="true" transfer="true" optional="false" type="data" size="4167312"/>
  </job>
  <job id="ID00001" namespace="Montage" name="mProjectPP" version="1.0" runtime="13.83">
    <uses file="region.hdr" link="input" register="true" transfer="true" optional="false" type="data" size="304"/>
    <uses file="2mass-atlas-ID00001s-jID00001.fits" link="input" register="true" transfer="true" optional="false" type="data" size="4222080"/>
    <uses file="p2mass-atlas-ID00001s-jID00001.fits" link="output" register="true" transfer="true" optional="false" type="data" size="4171851"/>
    <uses file="p2mass-atlas-ID00001s-jID00001_area.fits" link="output" register="true" transfer="true" optional="false" type="data" size="4171851"/>
  </job>
  <job id="ID00002" namespace="Montage" name="mProjectPP" version="1.0" runtime="10.36">
    <uses file="region.hdr" link="input" register="true" transfer="true" optional="false" type="data" size="304"/>
    <uses file="2mass-atlas-ID00002s-jID00002.fits" link="input" register="true" transfer="true" optional="false" type="data" size="4222080"/>
    <uses file="p2mass-atlas-ID00002s-jID00002.fits" link="output" register="true" transfer="true" optional="false" type="data" size="4157122"/>
    <uses file="p2mass-atlas-ID00002s-jID00002_area.fits" link="output" register="true" transfer="true" optional="false" type="data" size="4157122"/>
  </job>
<!-- part 3: list of control-flow dependencies (may be empty) -->
  <child ref="ID00000">
    <parent ref="ID00001"/>
  </child>
  <child ref="ID00002">
    <parent ref="ID00001"/>
  </child>
</adag>
