<?xml version="1.0" encoding="UTF-8"?>
<!-- generated: 2008-09-24T14:28:09-07:00 -->
<!-- generated by: shishir [??] -->
<adag xmlns="http://pegasus.isi.edu/schema/DAX" xmlns:xsi="http://www.w3.org/2001/XMLSchema-instance" xsi:schemaLocation="http://pegasus.isi.edu/schema/DAX http://pegasus.isi.edu/schema/dax-2.1.xsd" version="2.1" count="1" index="0" name="test" jobCount="25" fileCount="0" childCount="20">
<!-- part 1: list of all referenced files (may be empty) -->
<!-- part 2: definition of all jobs (at least one) -->
  <job id="ID00000" namespace="Montage" name="mProjectPP" version="1.0" runtime="13.39">
    <uses file="region.hdr" link="input" register="true" transfer="true" optional="false" type="data" size="304"/>
    <uses file="2mass-atlas-ID00000s-jID00000.fits" link="input" register="true" transfer="true" optional="false" type="data" size="4222080"/>
    <uses file="p2mass-atlas-ID00000s-jID00000.fits" link="output" register="true" transfer="true" optional="false" type="data" size="4167312"/>
    <uses file="p2mass-atlas-ID00000s-jID00000_area.fits" link="output" register="true" transfer="true" optional="false" type="data" size="4167312"/>
  </job>
  <job id="ID00001" namespace="Montage" name="mProjectPP" version="1.0" runtime="13.83">
    <uses file="region.hdr" link="input" register="true" transfer="true" optional="false" type="data" size="304"/>
    <uses file="2mass-atlas-ID00001s-jID00001.fits" link="input" register="true" transfer="true" optional="false" type="data" size="4222080"/>
    <uses file="p2mass-atlas-ID00001s-jID00001.fits" link="output" register="true" transfer="true" optional="false" type="data" size="4171851"/>
    <uses file="p2mass-atlas-ID00001s-jID00001_area.fits" link="output" register="true" transfer="true" optional="false" type="data" size="4171851"/>
  </job>
  <job id="ID00002" namespace="Montage" name="mProjectPP" version="1.0" runtime="13.36">
    <uses file="region.hdr" link="input" register="true" transfer="true" optional="false" type="data" size="304"/>
    <uses file="2mass-atlas-ID00002s-jID00002.fits" link="input" register="true" transfer="true" optional="false" type="data" size="4222080"/>
    <uses file="p2mass-atlas-ID00002s-jID00002.fits" link="output" register="true" transfer="true" optional="false" type="data" size="4157122"/>
    <uses file="p2mass-atlas-ID00002s-jID00002_area.fits" link="output" register="true" transfer="true" optional="false" type="data" size="4157122"/>
  </job>
  <job id="ID00003" namespace="Montage" name="mProjectPP" version="1.0" runtime="13.60">
    <uses file="region.hdr" link="input" register="true" transfer="true" optional="false" type="data" size="304"/>
    <uses file="2mass-atlas-ID00003s-jID00003.fits" link="input" register="true" transfer="true" optional="false" type="data" size="4222080"/>
    <uses file="p2mass-atlas-ID00003s-jID00003.fits" link="output" register="true" transfer="true" optional="false" type="data" size="4174004"/>
    <uses file="p2mass-atlas-ID00003s-jID00003_area.fits" link="output" register="true" transfer="true" optional="false" type="data" size="4174004"/>
  </job>
  <job id="ID00004" namespace="Montage" name="mProjectPP" version="1.0" runtime="13.78">
    <uses file="region.hdr" link="input" register="true" transfer="true" optional="false" type="data" size="304"/>
    <uses file="2mass-atlas-ID00004s-jID00004.fits" link="input" register="true" transfer="true" optional="false" type="data" size="4222080"/>
    <uses file="p2mass-atlas-ID00004s-jID00004.fits" link="output" register="true" transfer="true" optional="false" type="data" size="4153521"/>
    <uses file="p2mass-atlas-ID00004s-jID00004_area.fits" link="output" register="true" transfer="true" optional="false" type="data" size="4153521"/>
  </job>
  <job id="ID00005" namespace="Montage" name="mDiffFit" version="1.0" runtime="10.59">
    <uses file="region.hdr" link="input" register="true" transfer="true" optional="false" type="data" size="304"/>
    <uses file="p2mass-atlas-ID00000s-jID00000.fits" link="input" register="true" transfer="true" optional="false" type="data" size="4167312"/>
    <uses file="p2mass-atlas-ID00000s-jID00000_area.fits" link="input" register="true" transfer="true" optional="false" type="data" size="4167312"/>
    <uses file="p2mass-atlas-ID00001s-jID00001.fits" link="input" register="true" transfer="true" optional="false" type="data" size="4171851"/>
    <uses file="p2mass-atlas-ID00001s-jID00001_area.fits" link="input" register="true" transfer="true" optional="false" type="data" size="4171851"/>
    <uses file="fit.txt" link="output" register="true" transfer="true" optional="false" type="data" size="272"/>
    <uses file="diff.txt" link="output" register="true" transfer="true" optional="false" type="data" size="408404"/>
  </job>
  <job id="ID00006" namespace="Montage" name="mDiffFit" version="1.0" runtime="10.59">
      <uses file="region.hdr" link="input" register="true" transfer="true" optional="false" type="data" size="304"/>
      <uses file="p2mass-atlas-ID00001s-jID00001.fits" link="input" register="true" transfer="true" optional="false" type="data" size="4185623"/>
      <uses file="p2mass-atlas-ID00001s-jID00001_area.fits" link="input" register="true" transfer="true" optional="false" type="data" size="4185623"/>
      <uses file="p2mass-atlas-ID00000s-jID00000.fits" link="input" register="true" transfer="true" optional="false" type="data" size="4181449"/>
      <uses file="p2mass-atlas-ID00000s-jID00000_area.fits" link="input" register="true" transfer="true" optional="false" type="data" size="4181449"/>
      <uses file="fit.txt" link="output" register="true" transfer="true" optional="false" type="data" size="282"/>
      <uses file="diff.txt" link="output" register="true" transfer="true" optional="false" type="data" size="314191"/>
  </job>
<!-- part 3: list of control-flow dependencies (may be empty) -->
  <child ref="ID00004">
    <parent ref="ID00005"/>
  </child>
  <child ref="ID00000">
    <parent ref="ID00005"/>
  </child>
  <child ref="ID00002">
    <parent ref="ID00005"/>
  </child>
  <child ref="ID00003">
    <parent ref="ID00004"/>
    <parent ref="ID00000"/>
  </child>
  <child ref="ID00001">
    <parent ref="ID00002"/>
  </child>
  <child ref="ID00006">
    <parent ref="ID00003"/>
    <parent ref="ID00004"/>
    <parent ref="ID00000"/>
    <parent ref="ID00001"/>
  </child>
</adag>
